<?xml version="1.0" encoding="utf-8"?>
<Project name="Virtual Ammobox System">
	<Package name="Main">
		<Key ID="STR_VAS_Main_Weapons">
			<Original>Weapons</Original>
			<German>Waffen</German>
			<French>Armes</French> 
			<Polish>Broń</Polish>
			<Portuguese>Armas</Portuguese>
			<Italian>Armi</Italian>
		</Key>
		<Key ID="STR_VAS_Main_Magazines">
			<Original>Magazines</Original>
			<German>Magazine</German>
			<French>Chargeurs</French>
			<Polish>Amunicja</Polish>
			<Portuguese>Munições</Portuguese>
			<Italian>Munizioni</Italian>
		</Key>
		<Key ID="STR_VAS_Main_Items">
			<Original>Items</Original>
			<German>Gegenstände</German>
			<French>Objets</French>
			<Polish>Przedmioty</Polish>
			<Portuguese>Items</Portuguese>
			<Italian>Oggetti</Italian>
		</Key>
		<Key ID="STR_VAS_Main_Backpacks">
			<Original>Backpacks</Original>
			<German>Rucksäcke</German>
			<French>Sacs à dos</French>
			<Polish>Plecaki</Polish>
			<Portuguese>Mochilas</Portuguese>
			<Italian>Zaini</Italian>
		</Key>
		<Key ID="STR_VAS_Main_Goggles">
			<Original>Goggles</Original>
			<German>Brillen</German>
			<French>Lunettes</French>
			<Polish>Gogle</Polish>
			<Portuguese>Óculos</Portuguese>
			<Italian>Occhiali</Italian>
		</Key>
		<Key ID="STR_VAS_Main_Uniforms">
			<Original>Uniforms</Original>
			<German>Uniformen</German>
			<French>Uniformes</French>
			<Polish>Mundury</Polish>
			<Portuguese>Uniformes</Portuguese>
			<Italian>Uniformi</Italian>
		</Key>
		<Key ID="STR_VAS_Main_Vests">
			<Original>Vests</Original>
			<German>Vesten</German>
			<French>Gilets Tac.</French>
			<Polish>Kamizelki</Polish>
			<Portuguese>Coletes</Portuguese>
			<Italian>Gibernaggio</Italian>
		</Key>
		<Key ID="STR_VAS_Main_Headgear">
			<Original>Headgear</Original>
			<German>Kopfbekleidung</German>
			<French>Casques</French>
			<Polish>Nakrycia głowy</Polish>
			<Portuguese>Capacetes</Portuguese>
			<Italian>Elmetto</Italian>
		</Key>
		<Key ID="STR_VAS_Main_Attachments">
			<Original>Attachments</Original>
			<German>Befestigungsgegenstände</German>
			<French>Objets Attachés</French>
			<Polish>Dodatki</Polish>
			<Portuguese>Acessórios</Portuguese>
			<Italian>Accessori</Italian>
		</Key>
		<Key ID="STR_VAS_Main_Misc">
			<Original>Misc</Original>
			<German>Diverses</German>
			<French>Objets Divers</French>
			<Polish>Inne</Polish>
			<Portuguese>Diversos</Portuguese>
			<Italian>Varie</Italian>
		</Key>
		<Key ID="STR_VAS_Main_btnAdd">
			<Original>Add Item</Original>
			<German>Gegenstand hinzufügen</German>
			<French>Ajouter Arme/Obj.</French>
			<Polish>Dodaj przedmiot</Polish>
			<Portuguese>Acrescemtar Item</Portuguese>
			<Italian>Aggiungi oggetto</Italian>
		</Key>
		<Key ID="STR_VAS_Main_btnRemove">
			<Original>Remove Item</Original>
			<German>Gegenstand entfernen</German>
			<French>Retirer Arme/Obj.</French>
			<Polish>Usuń przedmiot</Polish>
			<Portuguese>Remover Item</Portuguese>
			<Italian>Rimuovi oggetto</Italian>
		</Key>
		<Key ID="STR_VAS_Main_btnClose">
			<Original>Close</Original>
			<German>Schließen</German>
			<French>Fermer</French>
			<Polish>Zamknij</Polish>
			<Portuguese>Fechar</Portuguese>
			<Italian>Chiudi</Italian>
		</Key>
		<Key ID="STR_VAS_Main_btnLoad">
			<Original>Load Gear</Original>
			<German>Ausrüstung laden</German>
			<French>Charger</French>
			<Polish>Załaduj wyposażenie</Polish>
			<Portuguese>Carregar Equipamento</Portuguese>
			<Italian>Carica equipaggiamento</Italian>
		</Key>
		<Key ID="STR_VAS_Main_btnSave">
			<Original>Save Gear</Original>
			<German>Ausrüstung speichern</German>
			<French>Sauver</French>
			<Polish>Zapisz wyposażenie</Polish>
			<Portuguese>Gravar Equipamento</Portuguese>
			<Italian>Salva equipaggiamento</Italian>
		</Key>
		<Key ID="STR_VAS_Main_btnRemoveAll">
			<Original>Remove All</Original>
			<German>Alles Entfernen</German>
			<French>Retir.Tout</French>
			<Polish>Usuń wszystko</Polish>
			<Portuguese>Retirar Tudo</Portuguese>
			<Italian>Rimuovi tutto</Italian>
		</Key>
		<Key ID="STR_VAS_Main_VirtGear">
			<Original>Virtual Ammobox</Original>
			<Portuguese>Caixa de Munições Virtual</Portuguese>
		</Key>
		<Key ID="STR_VAS_Main_YCG">
			<Original>Your Current Gear</Original>
			<German>Ihre momentane Ausrüstung</German>
			<French>Votre équipement actuel</French>
			<Polish>Twoje Aktualne Wyposażenie</Polish>
			<Portuguese>Equipamento Actual</Portuguese>
			<Italian>Equipaggiamento attuale</Italian>
		</Key>
		<Key ID="STR_Vas_Main_CL">
			<Original>Custom Loadout</Original>
			<German>Angepasste Ausrüstung</German>
			<French>Emplacement perso</French>
			<Polish>Niestandardowe wyposażenie</Polish>
			<Portuguese>Equipamento Customizado</Portuguese>
			<Italian>Equip. personalizzato</Italian>
		</Key>
		<Key ID="STR_Vas_Main_Rifles">
			<Original>Rifles</Original>
			<German>Gewehre</German>
			<French>Fusils (Tous)</French>
			<Polish>Karabiny</Polish>
			<Portuguese>Espingardas</Portuguese>
			<Italian>Fucili</Italian>
		</Key>
		<Key ID="STR_Vas_Main_Scoped">
			<Original>Scoped</Original>
			<French>Fusils (Longs)</French>
			<Polish>Bron Ciężka</Polish>
			<Portuguese>Telescópicas</Portuguese>
			<Italian>Fucili (ottica)</Italian>
		</Key>
		<Key ID="STR_Vas_Main_Heavy">
			<Original>Heavy</Original>
			<German>Schwere Waffen</German>
			<French>Lourds</French>
			<Polish>Wyrzutnie</Polish>
			<Portuguese>Pesadas</Portuguese>
			<Italian>Pesanti</Italian>
		</Key>
		<Key ID="STR_Vas_Main_Launcher">
			<Original>Launcher</Original>
			<German>Raketenwerfer</German>
			<French>Lanceurs</French>
			<Portuguese>Lança-Misseis</Portuguese>
			<Italian>Lanciamissili</Italian>
		</Key>
		<Key ID="STR_Vas_Main_Pistols">
			<Original>Pistols</Original>
			<German>Pistolen</German>
			<French>Pistolets</French>
			<Polish>Pistolety</Polish>
			<Portuguese>Pistolas</Portuguese>
			<Italian>Pistole</Italian>
		</Key>
	</Package>
	<Package name="LoadGear">
		<Key ID="STR_VAS_Load_Title">
				<Original>Virtual Ammobox System - Load Gear</Original>
				<German>Virtual Ammobox System - Ausrüstung Laden</German>
				<French>Caisse Virtuelle - Charger</French>
				<Portuguese>Caixa de Munições Virtual - Carregar</Portuguese>
				<Italian>Virtual Ammobox System - Carica equipaggiamento</Italian>
			</Key>
		<Key ID="STR_VAS_Load_LOR">
			<Original>Load On Respawn</Original>
			<German>Beim Respawn Laden</German>
			<French>Charg. à la réap</French>
			<Polish>Załaduj przy respawnie</Polish>
			<Portuguese>Carregar em Respawn</Portuguese>
			<Italian>Carica al respawn</Italian>
		</Key>
		<Key ID="STR_VAS_Load_btnLoad">
			<Original>Load</Original>
			<German>Laden</German>
			<French>Charger</French>
			<Polish>Załaduj</Polish>
			<Portuguese>Carregar</Portuguese>
			<Italian>Carica</Italian>
		</Key>
		<Key ID="STR_VAS_Load_btnDelete">
			<Original>Delete</Original>
			<German>Löschen</German>
			<French>Supprimer</French>
			<Polish>Usuń</Polish>
			<Portuguese>Apagar</Portuguese>
			<Italian>Cancella</Italian>
		</Key>
	</Package>
	<Package name="SaveGear">
		<Key ID="STR_VAS_Save_Title">
				<Original>Virtual Ammobox System - Save Gear</Original>
				<German>Virtual Ammobox System - Ausrüstung Speichern</German>
				<French>Caisse Virtuelle - Sauver</French>
				<Portuguese>Caixa de Munições Virtual - Gravar</Portuguese>
				<Italian>Virtual Ammobox System - Salva equipaggiamento</Italian>
			</Key>
		<Key ID="STR_VAS_Save_btnSave">
			<Original>Save</Original>
			<German>Speichern</German>
			<French>Sauver</French>
			<Polish>Zapisz</Polish>
			<Portuguese>Gravar</Portuguese>
			<Italian>Salva</Italian>
		</Key>
		<Key ID="STR_VAS_Save_CLN">
			<Original>Custom Loadout Name</Original>
			<German>Angepasste Ausrüstung</German>
			<French>Nom de l'emplacement perso</French>
			<Portuguese>Nome da Selecção</Portuguese>
			<Italian>Nome equipaggiamento</Italian>
		</Key>
	</Package>
</Project>